be_index,elem,qpt,x,y,nx,ny,ds,p,cp,dFx,dFy
22,103,0,0.00496656,0.0452231,0.994023,-0.109167,0.112132,0.663175,-10.2221,-0.073919,0.00811805
22,103,1,0.0220341,0.200632,0.994023,-0.109167,0.179412,0.665198,-9.81756,-0.118631,0.0130285
22,103,2,0.0391017,0.356041,0.994023,-0.109167,0.112132,0.667146,-9.42785,-0.0743616,0.00816666
23,30,0,0.0381444,17.6838,0.992803,0.119758,0.0997137,0.679433,-6.97045,-0.0672612,-0.00811344
23,30,1,0.0214947,17.8218,0.992803,0.119758,0.159542,0.679057,-7.04564,-0.107558,-0.0129743
23,30,2,0.00484497,17.9598,0.992803,0.119758,0.0997137,0.678488,-7.1596,-0.0671676,-0.00810215
24,21,0,18.7289,-11.7155,-0.975696,-0.21913,0.107265,0.551921,-32.4729,0.0577631,0.0129729
24,21,1,18.7617,-11.8614,-0.975696,-0.21913,0.171624,0.5624,-30.3771,0.0941757,0.0211508
24,21,2,18.7945,-12.0073,-0.975696,-0.21913,0.107265,0.572649,-28.3274,0.0599324,0.0134601
25,108,0,18.7824,5.99095,0.88367,0.46811,0.11358,0.574197,-28.0177,-0.0576308,-0.030529
25,108,1,18.7083,6.13089,0.88367,0.46811,0.181729,0.569274,-29.0023,-0.0914187,-0.0484275
25,108,2,18.6342,6.27083,0.88367,0.46811,0.11358,0.564287,-29.9997,-0.0566361,-0.0300021
26,24,0,1.6071,3.62206,0.811656,-0.584136,0.169184,0.634113,-16.0345,-0.0870758,0.062667
26,24,1,1.74489,3.81352,0.811656,-0.584136,0.270694,0.635308,-15.7955,-0.139584,0.100456
26,24,2,1.88268,4.00498,0.811656,-0.584136,0.169184,0.636496,-15.558,-0.0874029,0.0629025
27,86,0,1.32999,3.20348,0.837238,-0.546839,0.135684,0.637256,-15.4059,-0.0723919,0.0472825
27,86,1,1.43344,3.36187,0.837238,-0.546839,0.217094,0.638399,-15.1774,-0.116035,0.0757877
27,86,2,1.5369,3.52026,0.837238,-0.546839,0.135684,0.639537,-14.9497,-0.072651,0.0474518
28,95,0,2.75492,5.0415,0.712797,-0.701371,0.169204,0.62139,-18.5792,-0.0749449,0.0737435
28,95,1,2.92038,5.20967,0.712797,-0.701371,0.270727,0.623642,-18.1288,-0.120346,0.118417
28,95,2,3.08585,5.37783,0.712797,-0.701371,0.169204,0.62588,-17.6811,-0.0754864,0.0742764
29,87,0,3.17554,5.46504,0.677653,-0.735382,0.139239,0.617891,-19.279,-0.0583014,0.063268
29,87,1,3.31831,5.5966,0.677653,-0.735382,0.222782,0.619682,-18.9207,-0.0935526,0.101522
29,87,2,3.46107,5.72816,0.677653,-0.735382,0.139239,0.621461,-18.5648,-0.0586383,0.0636336
30,94,0,4.78676,6.7217,0.491489,-0.870884,0.24273,0.598417,-23.1737,-0.0713908,0.126499
30,94,1,5.0815,6.88803,0.491489,-0.870884,0.388369,0.601348,-22.5876,-0.114785,0.20339
30,94,2,5.37623,7.05437,0.491489,-0.870884,0.24273,0.604237,-22.0097,-0.0720852,0.12773
31,101,0,4.33263,6.42373,0.560884,-0.827894,0.139294,0.604818,-21.8936,-0.0472531,0.0697481
31,101,1,4.49342,6.53266,0.560884,-0.827894,0.222871,0.606452,-21.5667,-0.0758093,0.111898
31,101,2,4.65421,6.64159,0.560884,-0.827894,0.139294,0.608063,-21.2446,-0.0475066,0.0701223
32,100,0,6.35603,7.46467,0.259717,-0.965685,0.224692,0.558557,-31.1458,-0.0325953,0.121196
32,100,1,6.65856,7.54603,0.259717,-0.965685,0.359507,0.568046,-29.2479,-0.0530385,0.197209
32,100,2,6.9611,7.6274,0.259717,-0.965685,0.224692,0.577425,-27.3721,-0.0336964,0.125291
33,106,0,5.55284,7.14089,0.386945,-0.922103,0.242801,0.581364,-26.5844,-0.0546195,0.13016
33,106,1,5.865,7.27188,0.386945,-0.922103,0.388482,0.587491,-25.359,-0.0883123,0.210451
33,106,2,6.17716,7.40287,0.386945,-0.922103,0.242801,0.593603,-24.1365,-0.0557694,0.1329
34,93,0,7.1377,7.66012,0.101606,-0.994825,0.219432,0.53683,-35.4912,-0.0119689,0.117188
34,93,1,7.44206,7.69121,0.101606,-0.994825,0.351091,0.547913,-33.2746,-0.0195456,0.191372
34,93,2,7.74643,7.72229,0.101606,-0.994825,0.219432,0.558743,-31.1086,-0.0124575,0.121971
35,4,0,7.92388,7.72428,-0.0791859,-0.99686,0.219765,0.511175,-40.6222,0.00889561,0.111986
35,4,1,8.22933,7.70002,-0.0791859,-0.99686,0.351624,0.52813,-37.2311,0.0147051,0.18512
35,4,2,8.53478,7.67575,-0.0791859,-0.99686,0.219765,0.544797,-33.8977,0.00948072,0.119351
36,36,0,8.71138,7.64506,-0.260101,-0.965581,0.223909,0.489775,-44.9022,0.028524,0.105891
36,36,1,9.01283,7.56386,-0.260101,-0.965581,0.358255,0.511988,-40.4596,0.0477082,0.177109
36,36,2,9.31428,7.48266,-0.260101,-0.965581,0.223909,0.534112,-36.0347,0.0311061,0.115476
37,76,0,9.49444,7.41479,-0.431713,-0.902011,0.252602,0.471635,-48.5302,0.0514324,0.107462
37,76,1,9.81212,7.26274,-0.431713,-0.902011,0.404163,0.501972,-42.4628,0.0875852,0.182999
37,76,2,10.1298,7.11069,-0.431713,-0.902011,0.252602,0.53207,-36.4432,0.0580229,0.121232
38,57,0,10.3064,7.0081,-0.569728,-0.821833,0.252396,0.461115,-50.6341,0.0663072,0.0956481
38,57,1,10.5956,6.80761,-0.569728,-0.821833,0.403834,0.488306,-45.1959,0.112347,0.162061
38,57,2,10.8848,6.60712,-0.569728,-0.821833,0.252396,0.514959,-39.8654,0.0740497,0.106817
39,74,0,11.0177,6.50637,-0.656477,-0.754346,0.15921,0.458524,-51.1524,0.0479239,0.0550684
39,74,1,11.1852,6.36064,-0.656477,-0.754346,0.254736,0.473808,-48.0956,0.0792341,0.0910464
39,74,2,11.3526,6.21492,-0.656477,-0.754346,0.15921,0.488961,-45.0649,0.0511051,0.0587239
40,12,0,12.5804,4.82207,-0.817015,-0.576616,0.189745,0.46171,-50.5152,0.0715764,0.0505157
40,12,1,12.7329,4.60592,-0.817015,-0.576616,0.303592,0.46935,-48.9871,0.116417,0.0821626
40,12,2,12.8855,4.38978,-0.817015,-0.576616,0.189745,0.476948,-47.4675,0.0739387,0.052183
41,34,0,12.2224,5.2846,-0.78673,-0.617297,0.159026,0.46212,-50.4331,0.0578161,0.0453646
41,34,1,12.3593,5.11017,-0.78673,-0.617297,0.254441,0.472527,-48.3517,0.0945889,0.0742178
41,34,2,12.4962,4.93573,-0.78673,-0.617297,0.159026,0.482876,-46.282,0.0604128,0.0474021
42,56,0,13.7904,2.88429,-0.885738,-0.464185,0.210807,0.458547,-51.1477,0.08562,0.0448705
42,56,1,13.9269,2.62395,-0.885738,-0.464185,0.337292,0.465881,-49.681,0.139183,0.072941
42,56,2,14.0633,2.36362,-0.885738,-0.464185,0.210807,0.47318,-48.2211,0.0883523,0.0463024
43,73,0,14.1277,2.23763,-0.897122,-0.441783,0.137984,0.457374,-51.3824,0.0566176,0.027881
43,73,1,14.2127,2.06504,-0.897122,-0.441783,0.220774,0.462128,-50.4315,0.0915298,0.0450733
43,73,2,14.2977,1.89244,-0.897122,-0.441783,0.137984,0.466867,-49.4838,0.0577927,0.0284597
44,90,0,15.5134,-0.949412,-0.93472,-0.355385,0.137937,0.457203,-51.4166,0.0589483,0.0224124
44,90,1,15.5818,-1.12918,-0.93472,-0.355385,0.220699,0.458964,-51.0643,0.0946807,0.035998
44,90,2,15.6501,-1.30895,-0.93472,-0.355385,0.137937,0.460722,-50.7127,0.0594021,0.0225849
45,46,0,15.6942,-1.42694,-0.938405,-0.345538,0.172514,0.457568,-51.3435,0.0740749,0.0272758
45,46,1,15.7773,-1.65266,-0.938405,-0.345538,0.276023,0.459965,-50.8642,0.119141,0.0438698
45,46,2,15.8604,-1.87837,-0.938405,-0.345538,0.172514,0.46236,-50.3852,0.0748506,0.0275614
46,18,0,17.0768,-5.54763,-0.956783,-0.290802,0.172493,0.471664,-48.5244,0.0778426,0.0236593
46,18,1,17.1467,-5.77774,-0.956783,-0.290802,0.275989,0.47421,-48.0151,0.125221,0.0380592
46,18,2,17.2166,-6.00785,-0.956783,-0.290802,0.172493,0.476753,-47.5066,0.0786825,0.0239146
47,43,0,17.2494,-6.11651,-0.958176,-0.286179,0.107262,0.473846,-48.0879,0.0486999,0.0145453
47,43,1,17.2922,-6.25981,-0.958176,-0.286179,0.171619,0.475638,-47.7295,0.0782145,0.0233604
47,43,2,17.335,-6.4031,-0.958176,-0.286179,0.107262,0.477428,-47.3716,0.049068,0.0146552
48,72,0,1.52672,16.9309,-0.24487,0.969556,0.102384,0.685602,-5.73671,0.0171886,-0.068058
48,72,1,1.38832,16.896,-0.24487,0.969556,0.163815,0.681622,-6.53267,0.0273422,-0.108261
48,72,2,1.24991,16.861,-0.24487,0.969556,0.102384,0.677585,-7.34006,0.0169877,-0.0672622
49,69,0,1.91917,17.138,-0.487974,0.872858,0.126311,0.691333,-4.59055,0.0426114,-0.0762206
49,69,1,1.76545,17.0521,-0.487974,0.872858,0.202098,0.684104,-6.03635,0.0674653,-0.120678
49,69,2,1.61173,16.9661,-0.487974,0.872858,0.126311,0.676811,-7.49502,0.0417163,-0.0746195
50,11,0,3.81718,18.1924,-0.438577,0.898694,0.237987,0.700867,-2.68379,0.0731534,-0.1499
50,11,1,3.51898,18.0469,-0.438577,0.898694,0.380779,0.700365,-2.78413,0.116962,-0.239668
50,11,2,3.22077,17.9014,-0.438577,0.898694,0.237987,0.699836,-2.88994,0.0730458,-0.149679
51,51,0,3.08893,17.8347,-0.474674,0.880161,0.126204,0.698584,-3.14026,0.0418493,-0.0775988
51,51,1,2.93405,17.7512,-0.474674,0.880161,0.201927,0.698485,-3.16009,0.0669494,-0.12414
51,51,2,2.77918,17.6677,-0.474674,0.880161,0.126204,0.698382,-3.18073,0.0418372,-0.0775763
52,33,0,4.61117,18.5148,-0.368136,0.929772,0.238123,0.702648,-2.32745,0.0615953,-0.155566
52,33,1,4.30248,18.3926,-0.368136,0.929772,0.380997,0.702588,-2.33959,0.098544,-0.248885
52,33,2,3.99378,18.2703,-0.368136,0.929772,0.238123,0.702509,-2.35536,0.0615831,-0.155536
53,52,0,5.38836,18.7457,-0.273362,0.961911,0.223708,0.703718,-2.11355,0.0430347,-0.151431
53,52,1,5.08833,18.6604,-0.273362,0.961911,0.357933,0.704047,-2.04776,0.0688878,-0.242403
53,52,2,4.7883,18.5752,-0.273362,0.961911,0.223708,0.704366,-1.98387,0.0430744,-0.151571
54,53,0,6.1787,18.8989,-0.179665,0.983728,0.223731,0.704627,-1.93173,0.0283236,-0.155082
54,53,1,5.87183,18.8429,-0.179665,0.983728,0.357969,0.704893,-1.87863,0.0453349,-0.248224
54,53,2,5.56497,18.7868,-0.179665,0.983728,0.223731,0.70515,-1.82714,0.0283446,-0.155197
55,31,0,6.96221,18.968,-0.0758449,0.99712,0.21796,0.70497,-1.86324,0.0116539,-0.153212
55,31,1,6.65919,18.945,-0.0758449,0.99712,0.348735,0.705497,-1.75766,0.0186603,-0.245323
55,31,2,6.35617,18.9219,-0.0758449,0.99712,0.21796,0.706018,-1.65346,0.0116713,-0.15344
56,32,0,7.74657,18.9514,0.0335277,0.999438,0.218068,0.705226,-1.81188,-0.00515614,-0.153701
56,32,1,7.44269,18.9616,0.0335277,0.999438,0.348909,0.705811,-1.69485,-0.00825667,-0.246126
56,32,2,7.13882,18.9718,0.0335277,0.999438,0.218068,0.706396,-1.57796,-0.00516469,-0.153956
57,1,0,8.53786,18.847,0.142759,0.989758,0.222316,0.705472,-1.76275,-0.0223899,-0.155231
57,1,1,8.23107,18.8913,0.142759,0.989758,0.355705,0.705901,-1.67703,-0.0358456,-0.248521
57,1,2,7.92427,18.9355,0.142759,0.989758,0.222316,0.706329,-1.59135,-0.0224171,-0.15542
58,0,0,9.31467,18.6562,0.250586,0.968094,0.222333,0.705271,-1.80288,-0.0392931,-0.151802
58,0,1,9.01456,18.7339,0.250586,0.968094,0.355732,0.705873,-1.68259,-0.0629225,-0.24309
58,0,2,8.71446,18.8115,0.250586,0.968094,0.222333,0.706474,-1.5624,-0.0393601,-0.152061
59,29,0,10.1221,18.3482,0.368424,0.929658,0.242509,0.704886,-1.88002,-0.0629789,-0.158917
59,29,1,9.80781,18.4728,0.368424,0.929658,0.388015,0.705665,-1.72416,-0.100878,-0.254548
59,29,2,9.49347,18.5973,0.368424,0.929658,0.242509,0.706444,-1.56844,-0.0631181,-0.159268
60,28,0,10.8839,17.9228,0.502057,0.864835,0.242621,0.703964,-2.06441,-0.0857494,-0.14771
60,28,1,10.5913,18.0927,0.502057,0.864835,0.388193,0.705084,-1.84039,-0.137417,-0.236713
60,28,2,10.2987,18.2625,0.502057,0.864835,0.242621,0.7062,-1.61712,-0.0860218,-0.14818
61,9,0,11.3518,17.5836,0.603606,0.797283,0.150317,0.703185,-2.2201,-0.0638015,-0.0842733
61,9,1,11.1847,17.7101,0.603606,0.797283,0.240507,0.704354,-1.98638,-0.102252,-0.135061
61,9,2,11.0176,17.8366,0.603606,0.797283,0.150317,0.705518,-1.75354,-0.0640131,-0.0845529
62,48,0,12.496,16.4381,0.754504,0.656296,0.150075,0.697441,-3.36894,-0.0789729,-0.0686935
62,48,1,12.3587,16.596,0.754504,0.656296,0.24012,0.699117,-3.03383,-0.12666,-0.110174
62,48,2,12.2214,16.7538,0.754504,0.656296,0.150075,0.700766,-2.70402,-0.0793493,-0.069021
63,16,0,12.9091,15.9155,0.787489,0.616328,0.189505,0.693563,-4.14454,-0.103503,-0.0810064
63,16,1,12.7462,16.1235,0.787489,0.616328,0.303208,0.695932,-3.67065,-0.16617,-0.130053
63,16,2,12.5834,16.3316,0.787489,0.616328,0.189505,0.698271,-3.20303,-0.104205,-0.0815562
64,15,0,14.0614,14.2259,0.840547,0.541739,0.189361,0.675922,-7.67269,-0.107584,-0.0693389
64,15,1,13.9183,14.4479,0.840547,0.541739,0.302978,0.679305,-6.9961,-0.172997,-0.111498
64,15,2,13.7753,14.6698,0.840547,0.541739,0.189361,0.682638,-6.32949,-0.108653,-0.0700279
65,38,0,14.4601,13.5873,0.849152,0.528148,0.211656,0.667107,-9.43576,-0.119898,-0.074573
65,38,1,14.3042,13.8378,0.849152,0.528148,0.338649,0.671105,-8.63616,-0.192986,-0.120032
65,38,2,14.1483,14.0884,0.849152,0.528148,0.211656,0.67504,-7.84908,-0.121324,-0.0754598
66,3,0,15.6267,11.6217,0.863701,0.504005,0.211643,0.632099,-16.4373,-0.115545,-0.0674254
66,3,1,15.478,11.8765,0.863701,0.504005,0.338628,0.637456,-15.3659,-0.186439,-0.108795
66,3,2,15.3293,12.1314,0.863701,0.504005,0.211643,0.642741,-14.309,-0.11749,-0.0685605
67,13,0,16.0199,10.9441,0.865057,0.501673,0.218358,0.618225,-19.2121,-0.116778,-0.067723
67,13,1,15.8672,11.2075,0.865057,0.501673,0.349372,0.623981,-18.0609,-0.188584,-0.109366
67,13,2,15.7144,11.4709,0.865057,0.501673,0.218358,0.629668,-16.9236,-0.118939,-0.0689765
68,37,0,17.4147,8.50516,0.871795,0.489871,0.11358,0.573156,-28.226,-0.0567528,-0.03189
68,37,1,17.3371,8.64322,0.871795,0.489871,0.181727,0.575635,-27.7301,-0.0911973,-0.0512447
68,37,2,17.2596,8.78128,0.871795,0.489871,0.11358,0.578107,-27.2358,-0.0572431,-0.0321655
69,78,0,17.2152,8.86001,0.870378,0.492385,0.10918,0.578796,-27.0979,-0.0550016,-0.0311151
69,78,1,17.1402,8.9925,0.870378,0.492385,0.174687,0.581309,-26.5953,-0.0883847,-0.0500004
69,78,2,17.0653,9.125,0.870378,0.492385,0.10918,0.583814,-26.0944,-0.0554784,-0.0313849
70,88,0,0.376003,1.38577,0.909533,-0.415631,0.167339,0.651981,-12.4609,-0.0992321,0.0453463
70,88,1,0.472977,1.59798,0.909533,-0.415631,0.267743,0.653287,-12.1998,-0.159089,0.0726994
70,88,2,0.569951,1.81019,0.909533,-0.415631,0.167339,0.654587,-11.9398,-0.0996286,0.0455275
71,8,0,0.622744,1.92119,0.894787,-0.446493,0.135656,0.649651,-12.927,-0.0788565,0.0393489
71,8,1,0.707194,2.09043,0.894787,-0.446493,0.217049,0.649895,-12.8782,-0.126218,0.0629818
71,8,2,0.791644,2.25967,0.894787,-0.446493,0.135656,0.650128,-12.8316,-0.0789144,0.0393778
72,49,0,0.18095,17.3571,0.900991,0.433838,0.0995531,0.705168,-1.82354,-0.0632511,-0.0304562
72,49,1,0.120731,17.4822,0.900991,0.433838,0.159285,0.700712,-2.71475,-0.100562,-0.0484219
72,49,2,0.0605126,17.6072,0.900991,0.433838,0.0995531,0.69571,-3.71507,-0.0624028,-0.0300477
73,67,0,0.448083,17.0737,0.703371,0.710823,0.109933,0.714877,0.118333,-0.0552771,-0.0558627
73,67,1,0.339131,17.1815,0.703371,0.710823,0.175893,0.713146,-0.227963,-0.0882291,-0.0891638
73,67,2,0.230178,17.2893,0.703371,0.710823,0.109933,0.710721,-0.712933,-0.0549557,-0.0555379
74,71,0,1.16806,16.8541,0.0776983,0.996977,0.102782,0.692646,-4.32792,-0.00553148,-0.0709765
74,71,1,1.02519,16.8652,0.0776983,0.996977,0.164452,0.694097,-4.03773,-0.0088689,-0.1138
74,71,2,0.882314,16.8764,0.0776983,0.996977,0.102782,0.695378,-3.78154,-0.00555329,-0.0712564
75,68,0,0.800059,16.898,0.410991,0.911639,0.109982,0.705256,-1.80596,-0.0318788,-0.0707118
75,68,1,0.660263,16.961,0.410991,0.911639,0.175972,0.709401,-0.976937,-0.0513059,-0.113804
75,68,2,0.520468,17.024,0.410991,0.911639,0.109982,0.713004,-0.256292,-0.032229,-0.0714887
76,63,0,18.0881,-9.0895,-0.967731,-0.251986,0.107267,0.494466,-43.964,0.0513285,0.0133654
76,63,1,18.1258,-9.23423,-0.967731,-0.251986,0.171628,0.496938,-43.4696,0.0825362,0.0214915
76,63,2,18.1635,-9.37897,-0.967731,-0.251986,0.107267,0.499404,-42.9763,0.0518412,0.0134989
77,26,0,17.9892,-8.71624,-0.966478,-0.256751,0.107264,0.490878,-44.6815,0.0508885,0.0135189
77,26,1,18.0276,-8.86078,-0.966478,-0.256751,0.171622,0.493042,-44.2488,0.0817804,0.0217255
77,26,2,18.066,-9.00532,-0.966478,-0.256751,0.107264,0.495201,-43.8169,0.0513366,0.0136379
78,104,0,18.2038,7.07257,0.878682,0.477408,0.113579,0.557861,-31.285,-0.0556746,-0.0302493
78,104,1,18.1282,7.21172,0.878682,0.477408,0.181727,0.559186,-31.0199,-0.089291,-0.0485138
78,104,2,18.0526,7.35087,0.878682,0.477408,0.113579,0.560511,-30.755,-0.055939,-0.0303929
79,97,0,18.0085,7.43177,0.876928,0.480621,0.11358,0.560236,-30.8099,-0.0558004,-0.0305827
79,97,1,17.9323,7.57064,0.876928,0.480621,0.181728,0.561931,-30.471,-0.0895508,-0.0490804
79,97,2,17.8562,7.70951,0.876928,0.480621,0.11358,0.563623,-30.1326,-0.0561377,-0.0307676
80,17,0,1.96561,4.11433,0.781354,-0.624088,0.169185,0.629316,-16.994,-0.0831914,0.0664471
80,17,1,2.11283,4.29864,0.781354,-0.624088,0.270696,0.631178,-16.6216,-0.1335,0.10663
80,17,2,2.26005,4.48296,0.781354,-0.624088,0.169185,0.633034,-16.2504,-0.0836828,0.0668396
81,62,0,2.3484,4.58798,0.748573,-0.663052,0.169202,0.625505,-17.7562,-0.0792267,0.0701754
81,62,1,2.50483,4.76458,0.748573,-0.663052,0.270724,0.627587,-17.3397,-0.127185,0.112654
81,62,2,2.66125,4.94118,0.748573,-0.663052,0.169202,0.629665,-16.9241,-0.0797536,0.0706421
82,83,0,3.54587,5.80278,0.64323,-0.765673,0.139242,0.614518,-19.9536,-0.055039,0.065516
82,83,1,3.69452,5.92766,0.64323,-0.765673,0.222787,0.616249,-19.6073,-0.0883104,0.105121
82,83,2,3.84317,6.05253,0.64323,-0.765673,0.139242,0.617971,-19.263,-0.0553482,0.0658842
83,84,0,3.93144,6.12304,0.604581,-0.796544,0.139289,0.60934,-20.9892,-0.0513133,0.067606
83,84,1,4.08613,6.24045,0.604581,-0.796544,0.222862,0.611488,-20.5595,-0.0823907,0.108551
83,84,2,4.24083,6.35787,0.604581,-0.796544,0.139289,0.613621,-20.133,-0.0516738,0.068081
84,75,0,11.4469,6.1267,-0.70934,-0.704866,0.15919,0.468847,-49.0878,0.0529423,0.0526083
84,75,1,11.6033,5.96926,-0.70934,-0.704866,0.254705,0.478135,-47.2301,0.0863858,0.0858409
84,75,2,11.7598,5.81181,-0.70934,-0.704866,0.15919,0.487354,-45.3864,0.0550321,0.054685
85,35,0,11.8478,5.71747,-0.752153,-0.658988,0.159038,0.465937,-49.6698,0.0557357,0.048832
85,35,1,11.9939,5.55068,-0.752153,-0.658988,0.25446,0.474302,-47.9968,0.0907781,0.079534
85,35,2,12.1401,5.3839,-0.752153,-0.658988,0.159038,0.482591,-46.3389,0.0577279,0.0505775
86,54,0,12.9801,4.24718,-0.846044,-0.533113,0.232178,0.46097,-50.6631,0.0905496,0.0570575
86,54,1,13.1527,3.9733,-0.846044,-0.533113,0.371484,0.471218,-48.6135,0.1481,0.0933215
86,54,2,13.3252,3.69942,-0.846044,-0.533113,0.232178,0.481435,-46.5701,0.0945696,0.0595906
87,55,0,13.4178,3.54537,-0.869207,-0.494448,0.210815,0.454629,-51.9314,0.0833069,0.0473891
87,55,1,13.5631,3.28989,-0.869207,-0.494448,0.337303,0.466636,-49.5299,0.136811,0.0778251
87,55,2,13.7084,3.0344,-0.869207,-0.494448,0.210815,0.478579,-47.1414,0.0876955,0.0498855
88,82,0,14.7601,0.888449,-0.917699,-0.397277,0.137975,0.457688,-51.3195,0.0579524,0.0250879
88,82,1,14.8365,0.711906,-0.917699,-0.397277,0.220761,0.460517,-50.7537,0.093297,0.0403888
88,82,2,14.913,0.535363,-0.917699,-0.397277,0.137975,0.463342,-50.1888,0.0586683,0.0253978
89,79,0,14.9568,0.432343,-0.922842,-0.385179,0.137939,0.45716,-51.4251,0.0581949,0.0242895
89,79,1,15.0308,0.254856,-0.922842,-0.385179,0.220703,0.459668,-50.9236,0.0936224,0.0390764
89,79,2,15.1049,0.0773705,-0.922842,-0.385179,0.137939,0.462171,-50.423,0.0588327,0.0245558
90,92,0,16.3174,-3.18266,-0.948331,-0.317284,0.172513,0.460464,-50.7643,0.0753316,0.0252038
90,92,1,16.3938,-3.41077,-0.948331,-0.317284,0.276021,0.463775,-50.1021,0.121397,0.040616
90,92,2,16.4701,-3.63887,-0.948331,-0.317284,0.172513,0.467081,-49.441,0.0764141,0.0255659
91,96,0,16.5139,-3.77179,-0.950906,-0.309481,0.172494,0.462715,-50.314,0.075897,0.0247014
91,96,1,16.5884,-4.00049,-0.950906,-0.309481,0.27599,0.465964,-49.6643,0.122288,0.0397997
91,96,2,16.6628,-4.22919,-0.950906,-0.309481,0.172494,0.469207,-49.0158,0.0769617,0.0250479
92,70,0,2.3004,17.3838,-0.548572,0.836103,0.125994,0.69505,-3.84714,0.0480394,-0.0732191
92,70,1,2.15352,17.2874,-0.548572,0.836103,0.20159,0.692163,-4.42459,0.0765438,-0.116664
92,70,2,2.00665,17.1911,-0.548572,0.836103,0.125994,0.689221,-5.01299,0.0476366,-0.0726051
93,50,0,2.69005,17.6173,-0.509547,0.860443,0.126217,0.69702,-3.4532,0.0448276,-0.0756978
93,50,1,2.53863,17.5276,-0.509547,0.860443,0.201947,0.696566,-3.54395,0.0716775,-0.121038
93,50,2,2.38721,17.4379,-0.509547,0.860443,0.126217,0.696097,-3.6377,0.0447683,-0.0755976
94,10,0,11.7585,17.2271,0.666051,0.745906,0.150284,0.701854,-2.48638,-0.0702534,-0.0786763
94,10,1,11.6022,17.3666,0.666051,0.745906,0.240455,0.703065,-2.24421,-0.112599,-0.126099
94,10,2,11.4459,17.5062,0.666051,0.745906,0.150284,0.704262,-2.00468,-0.0704945,-0.0789463
95,47,0,12.1389,16.8434,0.715592,0.698519,0.15009,0.700025,-2.85217,-0.075185,-0.0733912
95,47,1,11.9927,16.9931,0.715592,0.698519,0.240144,0.70127,-2.60324,-0.12051,-0.117635
95,47,2,11.8465,17.1429,0.715592,0.698519,0.15009,0.702501,-2.35687,-0.075451,-0.0736508
96,39,0,13.3085,15.3626,0.813436,0.581654,0.189484,0.688785,-5.10011,-0.106165,-0.075914
96,39,1,13.1548,15.5775,0.813436,0.581654,0.303175,0.691393,-4.57847,-0.170507,-0.121922
96,39,2,13.0012,15.7924,0.813436,0.581654,0.189484,0.693963,-4.06458,-0.106963,-0.0764846
97,59,0,13.6908,14.7981,0.829785,0.558084,0.189365,0.682728,-6.31161,-0.107279,-0.0721518
97,59,1,13.5435,15.0172,0.829785,0.558084,0.302984,0.685681,-5.72091,-0.172388,-0.115942
97,59,2,13.3961,15.2363,0.829785,0.558084,0.189365,0.688584,-5.14026,-0.108199,-0.0727707
98,58,0,14.8546,12.9354,0.856316,0.516452,0.211653,0.656764,-11.5043,-0.119033,-0.07179
98,58,1,14.7022,13.1881,0.856316,0.516452,0.338645,0.661367,-10.5837,-0.191788,-0.115669
98,58,2,14.5498,13.4408,0.856316,0.516452,0.211653,0.6659,-9.67723,-0.120689,-0.0727886
99,40,0,15.2424,12.2795,0.861358,0.507999,0.211643,0.644914,-13.8743,-0.117568,-0.0693374
99,40,1,15.0925,12.5337,0.861358,0.507999,0.338628,0.65008,-12.8411,-0.189616,-0.111829
99,40,2,14.9426,12.7879,0.861358,0.507999,0.211643,0.655173,-11.8226,-0.119438,-0.0704404
100,2,0,16.4135,10.2637,0.865728,0.500515,0.218358,0.604539,-21.9494,-0.114281,-0.0660708
100,2,1,16.2611,10.5272,0.865728,0.500515,0.349373,0.610071,-20.843,-0.184523,-0.106681
100,2,2,16.1087,10.7908,0.865728,0.500515,0.218358,0.615545,-19.7482,-0.116362,-0.0672737
101,60,0,16.8049,9.58198,0.867362,0.497678,0.21836,0.591212,-24.6147,-0.111974,-0.0642488
101,60,1,16.6534,9.84605,0.867362,0.497678,0.349376,0.596685,-23.5201,-0.180817,-0.10375
101,60,2,16.5019,10.1101,0.867362,0.497678,0.21836,0.602111,-22.435,-0.114038,-0.0654332
102,107,0,0.0582657,0.454255,0.965932,-0.258795,0.135214,0.654855,-11.8861,-0.0855289,0.0229151
102,107,1,0.107055,0.636357,0.965932,-0.258795,0.216342,0.657814,-11.2943,-0.137465,0.0368299
102,107,2,0.155844,0.818459,0.965932,-0.258795,0.135214,0.660748,-10.7076,-0.0862985,0.0231213
103,44,0,18.4655,-10.5873,-0.972431,-0.233189,0.107269,0.516123,-39.6325,0.0538376,0.0129103
103,44,1,18.5004,-10.7328,-0.972431,-0.233189,0.17163,0.519886,-38.8799,0.0867682,0.020807
103,44,2,18.5353,-10.8782,-0.972431,-0.233189,0.107269,0.523634,-38.1304,0.0546211,0.0130981
104,66,0,18.3739,-10.2122,-0.971305,-0.237835,0.107269,0.509486,-40.96,0.0530836,0.0129981
104,66,1,18.4094,-10.3575,-0.971305,-0.237835,0.17163,0.512737,-40.3098,0.0854757,0.0209297
104,66,2,18.445,-10.5027,-0.971305,-0.237835,0.107269,0.515977,-39.6618,0.0537599,0.0131637
105,99,0,18.5909,6.35219,0.881851,0.471527,0.11358,0.560405,-30.7762,-0.0561307,-0.0300132
105,99,1,18.5162,6.49184,0.881851,0.471527,0.181729,0.559629,-30.9314,-0.0896847,-0.0479546
105,99,2,18.4415,6.63149,0.881851,0.471527,0.11358,0.558849,-31.0873,-0.0559749,-0.0299299
106,105,0,18.3979,6.71269,0.880312,0.474395,0.113581,0.557402,-31.3767,-0.0557327,-0.030034
106,105,1,18.3228,6.8521,0.880312,0.474395,0.181729,0.558042,-31.2487,-0.0892747,-0.0481096
106,105,2,18.2477,6.99151,0.880312,0.474395,0.113581,0.558682,-31.1207,-0.0558607,-0.030103
107,85,0,1.07785,2.78518,0.858802,-0.512308,0.135684,0.64159,-14.5392,-0.0747616,0.0445981
107,85,1,1.17477,2.94764,0.858802,-0.512308,0.217094,0.642127,-14.4318,-0.119719,0.0714167
107,85,2,1.27169,3.11011,0.858802,-0.512308,0.135684,0.642656,-14.3259,-0.0748859,0.0446722
108,25,0,0.842527,2.35727,0.878377,-0.477968,0.13566,0.645441,-13.7689,-0.0769113,0.0418511
108,25,1,0.932933,2.52341,0.878377,-0.477968,0.217056,0.645886,-13.68,-0.123143,0.0670079
108,25,2,1.02334,2.68955,0.878377,-0.477968,0.13566,0.646324,-13.5922,-0.0770165,0.0419084
109,61,0,14.3463,1.79156,-0.90492,-0.425582,0.137984,0.458642,-51.1288,0.057268,0.026933
109,61,1,14.4281,1.61746,-0.90492,-0.425582,0.220774,0.462367,-50.3838,0.092373,0.0434428
109,61,2,14.51,1.44337,-0.90492,-0.425582,0.137984,0.466084,-49.6403,0.0581973,0.0273701
110,81,0,14.5568,1.34167,-0.911752,-0.410741,0.137978,0.457588,-51.3394,0.0575655,0.0259331
110,81,1,14.6359,1.16626,-0.911752,-0.410741,0.220765,0.460869,-50.6833,0.0927652,0.0417904
110,81,2,14.7149,0.990863,-0.911752,-0.410741,0.137978,0.464147,-50.0277,0.0583906,0.0263048
111,41,0,15.3328,-0.486835,-0.931136,-0.364671,0.137937,0.45724,-51.4091,0.058727,0.0229999
111,41,1,15.403,-0.665912,-0.931136,-0.364671,0.220699,0.459322,-50.9928,0.094391,0.0369674
111,41,2,15.4731,-0.84499,-0.931136,-0.364671,0.137937,0.4614,-50.5771,0.0592613,0.0232092
112,80,0,15.1474,-0.0261701,-0.927239,-0.37447,0.137938,0.457244,-51.4084,0.0584824,0.0236184
112,80,1,15.2195,-0.2045,-0.927239,-0.37447,0.220702,0.459404,-50.9762,0.094014,0.037968
112,80,2,15.2915,-0.382831,-0.927239,-0.37447,0.137938,0.461563,-50.5445,0.0590348,0.0238415
113,91,0,15.9081,-2.01,-0.942106,-0.335315,0.172514,0.457047,-51.4478,0.0742824,0.0264387
113,91,1,15.9887,-2.2366,-0.942106,-0.335315,0.276023,0.46048,-50.7611,0.119745,0.0426196
113,91,2,16.0694,-2.46321,-0.942106,-0.335315,0.172514,0.463908,-50.0756,0.0753975,0.0268356
114,64,0,16.1156,-2.59532,-0.945405,-0.325897,0.172511,0.458636,-51.13,0.0748002,0.0257849
114,64,1,16.194,-2.82272,-0.945405,-0.325897,0.276018,0.461731,-50.5109,0.120488,0.0415343
114,64,2,16.2724,-3.05012,-0.945405,-0.325897,0.172511,0.464821,-49.8929,0.075809,0.0261326
115,19,0,17.576,-7.22795,-0.961606,-0.274434,0.107263,0.479939,-46.8694,0.0495032,0.0141278
115,19,1,17.6171,-7.37176,-0.961606,-0.274434,0.171621,0.481751,-46.5069,0.0795043,0.0226898
115,19,2,17.6581,-7.51557,-0.961606,-0.274434,0.107263,0.483561,-46.1449,0.0498769,0.0142344
116,6,0,17.6818,-7.59932,-0.962792,-0.270243,0.107264,0.482151,-46.4269,0.0497931,0.0139763
116,6,1,17.7222,-7.74331,-0.962792,-0.270243,0.171622,0.48395,-46.0671,0.0799662,0.0224455
116,6,2,17.7627,-7.8873,-0.962792,-0.270243,0.107264,0.485747,-45.7077,0.0501644,0.0140805
117,22,0,16.8931,-4.95445,-0.95506,-0.296413,0.172493,0.4689,-49.0772,0.0772469,0.0239744
117,22,1,16.9644,-5.18414,-0.95506,-0.296413,0.275988,0.471416,-48.574,0.124258,0.0385648
117,22,2,17.0357,-5.41383,-0.95506,-0.296413,0.172493,0.473928,-48.0716,0.0780752,0.0242315
118,23,0,16.7056,-4.36244,-0.953129,-0.302564,0.172493,0.465719,-49.7134,0.0765682,0.024306
118,23,1,16.7784,-4.59167,-0.953129,-0.302564,0.27599,0.468639,-49.1294,0.123277,0.0391334
118,23,2,16.8512,-4.8209,-0.953129,-0.302564,0.172493,0.471553,-48.5465,0.0775274,0.0246105
119,14,0,17.6139,8.14806,0.87355,0.486735,0.11358,0.568069,-29.2434,-0.0563627,-0.0314049
119,14,1,17.5368,8.2864,0.87355,0.486735,0.181729,0.570449,-28.7674,-0.0905581,-0.0504583
119,14,2,17.4597,8.42473,0.87355,0.486735,0.11358,0.572822,-28.2928,-0.0568342,-0.0316676
120,98,0,17.8118,7.79026,0.875248,0.483674,0.11358,0.563683,-30.1206,-0.056036,-0.0309662
120,98,1,17.7352,7.92886,0.875248,0.483674,0.181728,0.565784,-29.7004,-0.0899918,-0.0497306
120,98,2,17.6586,8.06747,0.875248,0.483674,0.11358,0.56788,-29.2811,-0.0564533,-0.0311968
121,77,0,17.0215,9.20205,0.869067,0.494695,0.109179,0.584675,-25.9222,-0.0554764,-0.0315786
121,77,1,16.9462,9.33434,0.869067,0.494695,0.174687,0.587446,-25.3679,-0.089183,-0.0507653
121,77,2,16.8709,9.46664,0.869067,0.494695,0.109179,0.590206,-24.8159,-0.0560013,-0.0318774
122,102,0,0.190074,0.922455,0.930788,-0.365559,0.135061,0.649725,-12.9121,-0.0816792,0.0320788
122,102,1,0.258913,1.09773,0.930788,-0.365559,0.216098,0.653791,-12.0989,-0.131505,0.0516473
122,102,2,0.327752,1.27301,0.930788,-0.365559,0.135061,0.657853,-11.2866,-0.082701,0.0324801
123,45,0,18.6431,-11.3389,-0.974936,-0.222485,0.107268,0.534891,-35.8789,0.0559387,0.0127655
123,45,1,18.6764,-11.4848,-0.974936,-0.222485,0.171629,0.541052,-34.6467,0.0905328,0.02066
123,45,2,18.7097,-11.6306,-0.974936,-0.222485,0.107268,0.547155,-33.4261,0.0572212,0.0130582
124,20,0,18.5553,-10.9629,-0.973667,-0.227975,0.10727,0.524213,-38.0145,0.0547514,0.0128196
124,20,1,18.5894,-11.1085,-0.973667,-0.227975,0.171632,0.528755,-37.1061,0.0883613,0.020689
124,20,2,18.6235,-11.2541,-0.973667,-0.227975,0.10727,0.533273,-36.2026,0.0556977,0.0130411
125,42,0,17.3598,-6.48655,-0.959291,-0.28242,0.107262,0.476432,-47.5707,0.0490229,0.0144326
125,42,1,17.402,-6.63002,-0.959291,-0.28242,0.17162,0.477711,-47.315,0.078647,0.0231541
125,42,2,17.4443,-6.77348,-0.959291,-0.28242,0.107262,0.478988,-47.0596,0.0492858,0.01451
126,7,0,17.4687,-6.85703,-0.960437,-0.278499,0.107263,0.478276,-47.202,0.0492718,0.0142874
126,7,1,17.5103,-7.00066,-0.960437,-0.278499,0.171621,0.479734,-46.9103,0.0790752,0.0229295
126,7,2,17.552,-7.1443,-0.960437,-0.278499,0.107263,0.481191,-46.6189,0.0495721,0.0143745
127,89,0,18.1852,-9.46325,-0.968978,-0.247146,0.107268,0.498639,-43.1293,0.0518286,0.0132193
127,89,1,18.2222,-9.60817,-0.968978,-0.247146,0.171628,0.50146,-42.5651,0.0833949,0.0212706
127,89,2,18.2592,-9.7531,-0.968978,-0.247146,0.107268,0.504275,-42.0022,0.0524144,0.0133687
128,65,0,18.2805,-9.83749,-0.970175,-0.242404,0.107267,0.503628,-42.1315,0.0524113,0.0130953
128,65,1,18.3167,-9.98259,-0.970175,-0.242404,0.171626,0.50667,-41.5232,0.0843645,0.021079
128,65,2,18.353,-10.1277,-0.970175,-0.242404,0.107267,0.509703,-40.9165,0.0530434,0.0132532
129,27,0,17.8885,-8.34346,-0.965234,-0.261385,0.107264,0.487758,-45.3054,0.0504999,0.0136754
129,27,1,17.9276,-8.48781,-0.965234,-0.261385,0.171622,0.48965,-44.9271,0.0811131,0.0219654
129,27,2,17.9667,-8.63217,-0.965234,-0.261385,0.107264,0.491539,-44.5494,0.0508913,0.0137814
130,5,0,17.786,-7.97115,-0.964004,-0.265888,0.107264,0.484826,-45.8919,0.0501323,0.0138273
130,5,1,17.8258,-8.11533,-0.964004,-0.265888,0.171622,0.486621,-45.5329,0.0805087,0.0222056
130,5,2,17.8655,-8.2595,-0.964004,-0.265888,0.107264,0.488414,-45.1744,0.0505033,0.0139296
